name,language
牙疼#1958,sq
��Løvëstãr🌸#3742,sq
��𝓂𝒶𝓃𝒾𝓃𝑜#5298,sq
Zira#9472BOT,sq
yufung#9962,sq
your favourite baguette#5265,sq
YJ.T#7425,sq
yeexuaan#8372,sq
xuan#3930,sq
xr#5410,sq
xm#3366,sq
wutaecfan#7363,sq
wsm#6724,sq
wood#2319,sq
wlng#5927,sq
wichaaacha#1217,sq
whaliensparky#6437,sq
weewoo#1271,sq
wai#1452,sq
Von#6878,sq
vivien#7999,sq
verlinlhc#4030,sq
veralry#2706,sq
Vegassssss#0610,sq
vausta#5962,sq
vanillasheep#6748,sq
twentycmruler#0947,sq
ttimothy#5990,sq
tsukilovespomergrantes#3759,sq
Tsukiii#6627,sq
Tsuki#7368,sq
Tsuki Days#6391,sq
tseyijun#7057,sq
TrusT#1080,sq
Trístàn#6243,sq
toasty#2222,sq
tigrr#8644,sq
Tialunar#1225,sq
the_niecee#0080,sq
Teo Rui Yang#4057,sq
Tene#2625,sq
Tchaikovsky#9072,sq
Tamate Momochi ッ#9595,sq
Take It Sleazy#0369,sq
Sunshinewhimsical#0787,sq
sunflowerdaisy#4762,sq
strawberrybunny#8633,sq
STeng#6647,sq
spacebunny_26#5984,sq
soranokira#8670,sq
Sillycat#5834,sq
shirayuki_#6774,sq
Sheol#1906,sq
Sheela#5870,sq
SharkCatSG#1342,sq
sh3rryyy#9692,sq
scatteredayye#2066,sq
satay#3050,sq
sasa#6642,sq
sammi#4973,sq
SAM#7088,sq
Sakura ninja#3959,sq
s0losamurai#2718,sq
ry#8346,sq
Rxchie#7087,sq
rtrovt#5298,sq
Rin4364#3246,sq
richildis#1843,sq
rgbkoi#0959,sq
resrepoze#6871,sq
Reiver is terrible#1804,sq
Reichii#9184,sq
Rare Boy#5634,sq
rainySun#2869,sq
rabbitaly#6974,sq
raabishrabbit#1795,sq
qqquinn#3029,sq
Prudxnce.loh#4366,sq
pqxx#3406,sq
POTATOMATO#0865,sq
popola#6537,sq
pippinpie#1721,sq
Perpetuality,sq
peach#2164,sq
Pacing#9513,sq
oreospeedwagon#4268,sq
Ona_#0247,sq
oblong#5696,sq
Noellex3#1998,sq
NergiDante#6260,sq
nanometer#4266,sq
Mysticalkit~#7014,sq
Mwethya#2052,sq
Mustache_Cheese#9867,sq
moorin#3701,sq
miya#7864,sq
Mished#9184,sq
mioneiyi#7680,sq
Min#7569,sq
meow#6579,sq
mentaipan#6474,sq
melonie#4947,sq
Mei / Asckh.5624#8474,sq
matchajess#1440,sq
m00ncandy#6477,sq
lyn#5092,sq
lumerie#3207,sq
luciduna#9583,sq
Lu#4331,sq
lovelights#3869,sq
LordTickles#1319,sq
ling#0150,sq
Leviathan#6086,sq
L y x ♡#1243,sq
Kuro_Neko#4441,sq
kotaru#5409,sq
Knuckshuk#5197,sq
kiyo#5581,sq
kiriri#5579,sq
Kirakishou#9669,sq
kinreative#0978,sq
kila#5259,sq
Kiki#5983,sq
Keone#6731,sq
Kelpie#1342,sq
kalipok#2349,sq
k1ra#0028,sq
JustQuartyz#9331,sq
Just_Foxin'_Ard#5410,sq
jseeyore#8248,sq
Jobeary#4248,sq
jnnnnaelllel#7997,sq
jinglebelle#7783,sq
jing#5137,sq
jin#2995,sq
jeshiikka#2285,sq
Jeanhm#6588,sq
jamb#5170,sq
j.oliverc#7754,sq
ivylin#2684,sq
its.junting#6700,sq
isthatafermentedcarrotjuice#4590,sq
Indigo#1101,sq
Icy#2537,sq
hxzel#2478,sq
handxmade#5507,sq
H20#2109,sq
gurl♡#0446,sq
greendlepen#2798,sq
gohjoseph#3275,sq
glucose guardian#0006,sq
glenda#2050,sq
Ginger#6691,sq
ginakyn#5461,sq
gigi#4660,sq
Gemien and eevee#3106,sq
galovesongs#1740,sq
Frosty Tissuebox ⛄#1437,sq
fluffypeach#0140,sq
flowercat1996#4427,sq
flariona🎠#7218,sq
fishtacos#6526,sq
fel_sierra#7834,sq
Fayreith#5165,sq
Ep98#8813,sq
Eldora#2052,sq
Ehé#2766,sq
eggsausagemcmuffin#3844,sq
egg#4013,sq
eddix82#8361,sq
DRNGU#2650,sq
DiYi99#2001,sq
dinosauwrus#9584,sq
DIDI#5744,sq
Deleted User 912b4cc3#0149,sq
Deleted User 6538873a#9532,sq
deathk4t#2748,sq
ddude8#3453,sq
darkrincess#6885,sq
damn son#5860,sq
Dabadmentz#8597,sq
cutiepie#5130,sq
cuPPalaTTae#0349,sq
crystalnici#8006,sq
coverslip_#4797,sq
cornixgallexy599#3424,sq
clowner101🤡#1405,sq
cloud#7069,sq
chunxin#9965,sq
chocs#8865,sq
ChocoPonti(LOIS)#9832,sq
Chiyo Semicolon#5469,sq
chinzesq#9427,sq
chingonut#6296,sq
chercher#4378,sq
CharSiewHamBaoBao#6573,sq
casslynct#3299,sq
caffius#8188,sq
BunnyCrewx#8371,sq
Bramblyapple#2954,sq
boop#3170,sq
BiscuitKrueger#5323,sq
bell#8881,sq
beeeestyh#8393,sq
bbbinu#1839,sq
Audible#3262,sq
ATH1R4H#7424,sq
Ashteow79#6508,sq
Apries#0001,sq
ApplePie#4692,sq
AoiLuna#0366,sq
antsssy#3818,sq
annouk#3097,sq
andy03#7180,sq
amixx#3606,sq
Amicitia#7839,sq
Airee#8776,sq
ag#6660,sq
Adwen#7208,sq
ada.lia#9582,sq
a3cx#4323,sq
❥Qüεεn♚#5925,sq
♡**Sharon**♡#5640,sq
_faith.31#6291,sq
*frosty*#3692,sq
Connie#4170,cn
牧鲸童whalesherd#6341,cn
娜娜#9027,cn
��Løvëstãr🌸#3742,cn
ZonaDora#2440,cn
Zira#9472BOT,cn
z6#0937,cn
Yu3#2454,cn
yike#5189,cn
yel#3166,cn
yeexuaan#8372,cn
yeets into void#9014,cn
Xx.qqy#9244,cn
xuan#3930,cn
xr#5410,cn
Xiaoxiao#4383,cn
wsm#6724,cn
WilsonC#0820,cn
whale (ง •̀_•́)ง#5293,cn
wenz#4353,cn
wendko#4660,cn
weewoo#1271,cn
Warl0ck27#0808,cn
vita#3258,cn
vileroses#5781,cn
vanillasheep#6748,cn
uwu_wu#7338,cn
tuna#5006,cn
tubbs#4697,cn
tsukilovespomergrantes#3759,cn
Tsuki#7368,cn
Trollolol#1436,cn
togekiss#0179,cn
tng_y#2214,cn
Tn606#3179,cn
The Past is Never Dead#9721,cn
Teresaeverscreech#6259,cn
Teo Rui Yang#4057,cn
Tamate Momochi ッ#9595,cn
Sunshinewhimsical#0787,cn
STeng#6647,cn
Sparkborb#7683,cn
soranokira#8670,cn
sophywt#8363,cn
Sophia Lauran#2940,cn
Sillycat#5834,cn
Shizuka Mikki#6505,cn
SebbyBuns#8919,cn
satay#3050,cn
sammi#4973,cn
SairenWhite#9035,cn
saandyyu#6926,cn
s0724#1546,cn
ry#8346,cn
RPK#7647,cn
Roasted Marshmellow#4688,cn
popola#6537,cn
Pipi Hele#2896,cn
Periphylla#2503,cn
panypaz7#0871,cn
Pandi#7750,cn
PAKUMAat#2920,cn
OmNomC12#4889,cn
Nuru_OwO#4895,cn
no communist#4540,cn
Nimtabyu#8365,cn
Mycota#0942,cn
Muffin Fusion#6737,cn
Mono#1230,cn
Miz4tune#3653,cn
mentaipan#6474,cn
Mei / Asckh.5624#8474,cn
mathreader#1908,cn
mango🥭#0876,cn
lyn#5092,cn
lovelights#3869,cn
Lovefruits520#7490,cn
LordTickles#1319,cn
LongiCorn#0800,cn
ling#0150,cn
li_birda#9745,cn
LauRaa#0839,cn
kuu#6695,cn
Kuro_Neko#4441,cn
kiriri#5579,cn
Kiki#5983,cn
Keone#6731,cn
kelly#0864,cn
Kaelea#1486,cn
k1ra#0028,cn
jyang12217#4694,cn
JustQuartyz#9331,cn
justinbaby69#1459,cn
joymax#0337,cn
Jinx8evr#5889,cn
jinglebelle#7783,cn
JennyK#3065,cn
JellyPeach#0833,cn
Jell#3510,cn
Jeannie#3281,cn
JaY#9462,cn
ItzRyhere#3847,cn
Indigo#1101,cn
Hlingg30#5052,cn
hellyhelicopter#6076,cn
gurl♡#0446,cn
FrozenFixedStar#8359,cn
florastar15#8203,cn
figsk8r#2557,cn
Eunice#4845,cn
eryah#3587,cn
EmFer#2510,cn
elained#2723,cn
E.Lau#2732,cn
DRNGU#2650,cn
DiYi99#2001,cn
DIDI#5744,cn
Deleted User 5a481281#9352,cn
Daydivic#9393,cn
DarkUniverse#7973,cn
darkrincess#6885,cn
curypuf#1793,cn
cuPPalaTTae#0349,cn
CrazyChrissy#1023,cn
Craboo#3408,cn
cornixgallexy599#3424,cn
clovere#1274,cn
CLo#7451,cn
chinabone#8596,cn
Catto 6592#1963,cn
cascasattack#9947,cn
caffius#8188,cn
boop#3170,cn
baier#6433,cn
Azure Wolf#8335,cn
Audible#3262,cn
ariadne#2774,cn
ArcticSurfer#7082,cn
AoiLuna#0366,cn
andy03#7180,cn
akaru#1164,cn
Airee#8776,cn
ada.lia#9582,cn
a3cx#4323,cn
18cm#2885,cn
кιŁŁŞωเŦçн#7420,ph
Zyrox#7049,ph
Ziraeth#2390,ph
Zira#9472BOT,ph
Zellelynn#8235,ph
zeedreamer#3018,ph
yellemikee#0989,ph
Yaboistaples#4936,ph
xyylophone#0817,ph
wtfSelrNer#8520,ph
wintry#7618,ph
whalien97#6202,ph
whaleen#5460,ph
Vurge#8434,ph
Vince#6928,ph
valleyFlowers47#4256,ph
Undorei Speissefield#1539,ph
Tsun#7321,ph
triciugh#4252,ph
t z e n#3291,ph
Sylvies#6571,ph
Suppp#1988,ph
Strawberry 🍓#7952,ph
SSSolfege#3779,ph
silverrj#1208,ph
shy#6109,ph
Shilz#4918,ph
shawie#8881,ph
Se7enthColor#3075,ph
Sauce.#8112,ph
Sairen#2785,ph
Rose(RB)#4608,ph
rokuro🔥#8004,ph
rocketcroissants#3929,ph
RemIsWaifu#5666,ph
Reintree#8785,ph
redtang13#6287,ph
PuppyGamer (AWOO!?)#2486,ph
pomdu#8479,ph
Petrichor Note#7215,ph
pepper#8894,ph
ojeio#5546,ph
Nyt#4591,ph
noslegna#6002,ph
noslegna#3244,ph
Nøel#6251,ph
nickelcola#5100,ph
nicey#5230,ph
Mr. OOF#4384,ph
Miz4tune#3653,ph
mistymairu#1270,ph
minani97#2991,ph
mia#5075,ph
meowkittyunderling#9942,ph
meeclairee#0897,ph
mazikeen#3131,ph
matcha#1224,ph
Mare#1045,ph
Makoro#1222,ph
mailodee#9870,ph
LordTickles#1319,ph
lilith#4112,ph
Leizl B#0059,ph
Lady Kore#5146,ph
kr1st1ne#1059,ph
KittyNoir07#7589,ph
kittiwix#9743,ph
kitkat#5732,ph
keywon73#7574,ph
Keith The Coffee Lion#4820,ph
kawaii019#6333,ph
kailuh#9723,ph
kaeru#0251,ph
just cassie#1650,ph
juliannw#4822,ph
johannaoonana#1444,ph
JK#5101,ph
Jet#3208,ph
jessychan#5187,ph
jaenus#7770,ph
jabelle#5365,ph
j97#3737,ph
International Goat 🐐👑🏆#8571,ph
iampaul#7761,ph
hurbyvore🌱#5569,ph
Hot Katsudonʕ ꈍᴥꈍʔ#9641,ph
HappySushi#0113,ph
Hanami#6091,ph
Glyza#6718,ph
GerBae#5745,ph
GemiNyx#2570,ph
franceshuh#7512,ph
foreskinmcgee#3688,ph
flutter095#8101,ph
floofybunbun#9180,ph
Fixotherm#9699,ph
Ettesor#7015,ph
eristangram#9017,ph
Endhazom#4097,ph
elle#6244,ph
eish#8794,ph
eiiicorn#0056,ph
Dissinea#0060,ph
diego1marcus#3863,ph
Denuxe#0831,ph
Deleted User e5290d3f#9211,ph
Danyel#3962,ph
dalekinbluebox#9074,ph
Daffodils🌼#0151,ph
Culbric#1203,ph
crystellaiza#9201,ph
Critters00#5335,ph
Craylicia#0047,ph
clow cards#6471,ph
Clipzzo#5016,ph
claudettejea18#8782,ph
Charm#5968,ph
charlemaineeee#6864,ph
candygirl#2726,ph
bububear#3297,ph
BlackRabbitArtworks#1661,ph
bina#7188,ph
Banana Abbacchio#6481,ph
Azure Wolf#8335,ph
ayendoodles#9166,ph
avtrx#0517,ph
audriella~#4513,ph
ASTRID#1962,ph
artiant#8534,ph
ArneAdventure#2246,ph
Archive#9881,ph
April#1364,ph
Anxitie [Inactive]#6804,ph
Anonymity#2134,ph
angelofdeath#0432,ph
Alyzza#0001,ph
AliceHamster 🐹#1289,ph
Akatalia#9840,ph
Ainjhell#2336,ph
ac#4290,ph
✨ly#8252,ph
❤melbruski 🌻🐰#2109,ph
笨龙#0833,my
牧鲸童whalesherd#6341,my
zunzun#0463,my
Zira#9472BOT,my
zeerocrows#0011,my
yeexuaan#8372,my
yan401115#7968,my
xuan#3930,my
WildtigerZ#0087,my
Warl0ck27#0808,my
wan#0280,my
userisbroken#7010,my
unsolved murders#7441,my
Touka#2838,my
Tofu#2886,my
tibby#5319,my
Thatonegirl924#6646,my
Tamate Momochi ッ#9595,my
StupidFringeGirl#0163,my
StoneWolfKnightstudy#2259,my
STeng#6647,my
Sprezzatura#2037,my
SpookyFae#0267,my
sofea#7959,my
Sillycat#5834,my
Shiro_Ayami#5702,my
SHAN#4452,my
sfkhi#9917,my
Sammy#9782,my
rosegold113#6578,my
Roasted Marshmellow#4688,my
rgbkoi#0959,my
RevolutionaryCows#0533,my
Reiver is terrible#1804,my
Rare Boy#5634,my
Pudding#7512,my
Princess Lily Baby#7991,my
Princess Chennie#6400,my
pizza5354#8841,my
peaceminusone#9527,my
pandacherie#1477,my
nurulhana#7723,my
nursutera#9945,my
ns11#2862,my
NewfayS#3700,my
MyKueen#5659,my
msupergenius17#2220,my
mozzieee#1516,my
mortibog18#5178,my
momo#6789,my
MJ#2802,my
Mirage_Wing#7112,my
Mh#8643,my
mezzo#9197,my
Melanie#1291,my
mel93#2689,my
Mei / Asckh.5624#8474,my
McKweon#5138,my
matsomaito_#6780,my
m00ncandy#6477,my
Luna Persephone#7667,my
LordTickles#1319,my
littlepie#7510,my
leonchengly#6287,my
leena#5269,my
Kuro_Neko#4441,my
krystallau#7958,my
JennyK#3065,my
Jenny#4323,my
jascinta#5512,my
ItzRyhere#3847,my
Hlingg30#5052,my
guriwa#3514,my
glucose guardian#0006,my
Germjuice#2537,my
Gemien and eevee#3106,my
Eunice#4845,my
Elaineharper123#2771,my
Ehé#2766,my
Dynamitegal#7392,my
DRNGU#2650,my
DiYi99#2001,my
Deleted User e5290d3f#9211,my
Deleted User 70d66094#7259,my
Deleted User 35b3ba0b#4318,my
darkrincess#6885,my
cvhyen#9713,my
curypuf#1793,my
Cryssie#2364,my
Creamy HongSeng#9383,my
Chÿ#1215,my
chinyin#6154,my
C4rrot#6576,my
bloodyrabbit#4534,my
BizzarePsycho#5400,my
BiFrost❄#5442,my
bell#8881,my
bbbinu#1839,my
babylilacs#9733,my
Audrey#3631,my
assmisses#8218,my
ArcticSurfer#7082,my
April#0429,my
annouk#3097,my
Annie#5576,my
andy03#7180,my
Anariel#2769,my
AlisonSkywalker#3928,my
akaru#1164,my
Adwen#7208,my
a3cx#4323,my
||Jun Jaeh||#6179,my
_tsuki_bun#1125,my
苗木#1690,jp
牙疼#1958,jp
氷影#0923,jp
嘉義(Kagi)#0015,jp
どんぢぃ#6286,jp
テマリTemari🐈#6765,jp
くろさぎ#3940,jp
zunzun#0463,jp
Zira#9472BOT,jp
Zingarinha#0158,jp
Yukihime#9841,jp
Xx.qqy#9244,jp
xuan#3930,jp
WhiteGaze#7486,jp
Voxel#2393,jp
UnicornMuffin🦖#0107,jp
tsukilovespomergrantes#3759,jp
Trive Devlin#0369,jp
Tilt_Plays#3069,jp
ThantSS#9041,jp
taytytayy#6774,jp
Tania#3407,jp
Tamate Momochi ッ#9595,jp
Sylvies#6571,jp
SpadeCloud#8920,jp
soranokira#8670,jp
Silverrmoon#9498,jp
Shiskabeer#7161,jp
shirayuki_#6774,jp
Sairen#2785,jp
sagi#8271,jp
RemIsWaifu#5666,jp
Rare Boy#5634,jp
rainy_24/7#3244,jp
periwinkle#0762,jp
panpaan#9521,jp
OrangeAlder#3146,jp
NoxMura#9374,jp
not gurl ella#8590,jp
NekoSamurai🌸#3194,jp
mondayspirit#6841,jp
misoramenx#5116,jp
Midori#6764,jp
mentaipan#6474,jp
MadKat(Ice)#0977,jp
LordTickles#1319,jp
Looneylovescoke#4666,jp
limbo-sama-senpai-kun-baka-chan#0724,jp
kibo#3088,jp
Ken74#3553,jp
katalyst#1035,jp
jizzabelle#8729,jp
Jhon#8950,jp
JennyRido#7737,jp
J. K. Hoshikawa#1253,jp
Indigo#1101,jp
Hurmione934#4069,jp
haruko_yokina#8311,jp
HappySushi#0113,jp
Hanami#6091,jp
Ehé#2766,jp
Denephew#5578,jp
darkrincess#6885,jp
Cocoa#7182,jp
Ck0929#3537,jp
chasykusa#5606,jp
CharSiewHamBaoBao#6573,jp
Centaurea#2468,jp
casslynct#3299,jp
calmgeyama#9405,jp
Blanket#8113,jp
Asuka-kun#0406,jp
ashhh#5727,jp
ariadne#2774,jp
ArcticSurfer#7082,jp
AoiLuna#0366,jp
Aoi#6800,jp
Anvica#5782,jp
Annnnnnie#2601,jp
andy03#7180,jp
Akatalia#9840,jp
akaru#1164,jp
Adwen#7208,jp
_tsuki_bun#1125,jp
*~TheOriginalCocoShines~*#1569,jp
*~. . .~*#8584,jp
嘉義(Kagi)#0015,kr
츠설(tsushol)#889,kr
초이#2408,kr
웅이#9812,kr
오드#3682,kr
앵임#1970,kr
ㅇㅅㅇ#3619,kr
나리#0205,kr
김진우#4435,kr
Zira#9472BOT,kr
yong777#4510,kr
YJ116#7396,kr
Xx.qqy#9244,kr
xuan#3930,kr
xr#5410,kr
www#7777,kr
whalien97#6202,kr
WeslineJean#2383,kr
wan#0280,kr
Voxel#2393,kr
verlinlhc#4030,kr
tona#8578,kr
toasty#2222,kr
Timmy the Eraser#8671,kr
sunjaeshim#9135,kr
soobihn#5664,kr
shawie#8881,kr
sean.Kwon#1357,kr
Sairen#2785,kr
sagi#8271,kr
rume#8486,kr
rosie#5630,kr
RemIsWaifu#5666,kr
raseri#6669,kr
qs#4590,kr
periwinkle#0762,kr
ooookk#1517,kr
MyKueen#5659,kr
Myätt#1004,kr
mong#8975,kr
mondayspirit#6841,kr
Midori#6764,kr
melona#4198,kr
m00ncandy#6477,kr
LordTickles#1319,kr
Lethe_Empress#1423,kr
leoneebee#5535,kr
kiggey#1698,kr
KI#2297,kr
Karen#9934,kr
kaeru#0251,kr
juliaa#2897,kr
Jeanhm#6588,kr
Jazzhands#8494,kr
J. K. Hoshikawa#1253,kr
iota#1557,kr
Hot Katsudonʕ ꈍᴥꈍʔ#9641,kr
Horyowoo#0770,kr
Hoi#2274,kr
gyungie#5658,kr
glowbabeglow#3917,kr
freddy63#9272,kr
dinosauwrus#9584,kr
Deleted User de2b6d68#8248,kr
Danyel#3962,kr
curypuf#1793,kr
cklee#7571,kr
carrotsplz#3652,kr
bunnydog#8283,kr
bun#5032,kr
broccoli#0341,kr
b. zero#4569,kr
andy03#7180,kr
addieb#9376,kr
zulfauppah#3418,id
Zira#9472BOT,id
Zane#3396,id
yeon-tan#8658,id
xuan#3930,id
weewoo#2566,id
venozcia#4380,id
UwU_fighter#0083,id
unmei#2181,id
UERK™Vader#2192,id
tira#8248,id
tik★#6632,id
SXD#1985,id
Starshine342#5408,id
srblimz#6232,id
SinGard#1542,id
shiraocha#2551,id
Shappy_#8075,id
riedia#4608,id
Rarugo#9899,id
Rare Boy#5634,id
rainy_24/7#3244,id
putri#7873,id
Plume#5893,id
Pipoh#3408,id
pheeyora#7750,id
off#5898,id
nna_is#3718,id
mochazuke#5873,id
meeclairee#0897,id
Lil-Nyan#4289,id
leoneebee#5535,id
kotime2#5934,id
Kiradant#3696,id
kaidaru#9621,id
JinMin#6121,id
Jhon#8950,id
j'aimedanger#1555,id
ItsYaBoiAkbarbinta#3959,id
honeyliebe#3810,id
higuchikeitaro#9668,id
Frokiez Cookie#4622,id
FoxieDust#3506,id
Flyhigh19#6120,id
fanisadh#8729,id
EnormaEm#9527,id
Ehé#2766,id
E.Lau#2732,id
dustybox#7114,id
dimaswehhh#2371,id
dhrm#7366,id
Cipher#1557,id
Chÿ#1215,id
chrowls#5927,id
c.elcid#4686,id
broccoli#0341,id
Bonzane#2420,id
Boba#5342,id
bbbinu#1839,id
babylilacs#9733,id
Aoi#6800,id
Amoeba#3966,id
Aisling-122480|Aterui-4053197#2851,id
Ahyar#0823,id
賴羿如#6778,tw
葩吉#7814,tw
Zira#9472BOT,tw
XiaoXiao#3024,tw
Xiao Xion 🐻🍫#1183,tw
winnie#8238,tw
tzch#4640,tw
Tsuki#7368,tw
Trollolol#1436,tw
Tamate Momochi ッ#9595,tw
StupidChun#5924,tw
spacks#0515,tw
Slime#1617,tw
sienna#7679,tw
Sherlock the detective#7354,tw
sam585456525#8498,tw
RoundFace#5083,tw
rosina_oz02#7414,tw
rosie#5630,tw
rgbkoi#0959,tw
periwinkle#0762,tw
OrangeAlder#3146,tw
nitaq311#1753,tw
nerdymonk#1680,tw
Nana#3231,tw
morningcloud#0616,tw
mina#3416,tw
meh#5891,tw
maiastar#7548,tw
m00ncandy#6477,tw
lyn#5092,tw
LordTickles#1319,tw
Liu Sandy#1717,tw
kiyo#5581,tw
keywon73#7574,tw
Kerarara#2970,tw
J. K. Hoshikawa#1253,tw
iwishsan#0129,tw
itstephyo#4861,tw
Fay_cowCat#6952,tw
drownfish#0155,tw
DRNGU#2650,tw
Denephew#5578,tw
cvhyen#9713,tw
Cup of Midnight#5210,tw
clubshe#6027,tw
CharSiewHamBaoBao#6573,tw
cascasattack#9947,tw
Cara#5305,tw
cara#4657,tw
Camille_Liu#5246,tw
C.W.Blackism#1677,tw
Azure Wolf#8335,tw
andy03#7180,tw
alice#3005,tw
Akane#8295,tw
a3cx#4323,tw
2058_IRE#5927,tw
~(˘▾˘~)#9125,tw
_faith.31#6291,tw
��𝖔𝖘#7334,de
��𝒽𝑒 𝒫𝓇𝒾𝓃𝒸𝑒𝓈𝓈 𝒪𝒻 𝐵𝑜𝓇𝓀𝓈#2258,de
Zira#9472BOT,de
zeyzepaws#2932,de
Yunashay#6984,de
toospacey#3865,de
TimeLockedTARDIS#8850,de
Su sanne#7164,de
sleepypeanutpot#0951,de
Sham#7013,de
Salajada#1180,de
Rin2202#2812,de
Rea#8104,de
Ramii#4732,de
Psy0ch#5442,de
Planchoa#2844,de
Pixelmatsch#3905,de
PinkyPuffWuvesYou#6795,de
periwinkle#0762,de
Pealaphi#6111,de
Pchi#6280,de
Paula#9756,de
Panrhei#0990,de
ordinarytreebro#1946,de
oli444#5697,de
Nyzo#0273,de
nic#7150,de
nalmik#9158,de
Mrfreakj#9559,de
mii#3594,de
Meercutio#6661,de
margladiator 324#8380,de
LordTickles#1319,de
leawyantha_#2743,de
Lalenyaru#2276,de
Jinx8evr#5889,de
jing#5137,de
Jay#1964,de
Insa#9732,de
Hitomi66#5888,de
happyee#2125,de
Geggs#9147,de
Feoras#4836,de
enni1070#5940,de
Emuan#6525,de
Deleted User f37f1700#3209,de
Deleted User de2b6d68#8248,de
cleshe#2797,de
Cind3r#6818,de
cgno5#6675,de
CarduelisC#3630,de
Bread#9117,de
booperboo#4272,de
boba#8585,de
Audible#3262,de
Arcaiz#4267,de
Ainsel#5980,de
AFriZi#0457,de
*~TheOriginalCocoShines~*#1569,de
*~. . .~*#8584,de
魚屍#2515,hk
阿月亮#2628,hk
娜娜#9027,hk
一罩難求#2031,hk
アンナ#0237,hk
Zira#9472BOT,hk
yy281182#8285,hk
Yasomi#0600,hk
xuan#3930,hk
WilsonC#0820,hk
wenz#4353,hk
wendko#4660,hk
Warl0ck27#0808,hk
Veronica#1502,hk
uwu_wu#7338,hk
tubbs#4697,hk
Thimaete#8949,hk
Tamate Momochi ッ#9595,hk
STeng#6647,hk
sort#2877,hk
soranokira#8670,hk
shoecat#4891,hk
Shizuka Mikki#6505,hk
serena ng#7439,hk
Sakura ninja#3959,hk
s0724#1546,hk
RevolutionaryCows#0533,hk
remixing#2157,hk
Reiver is terrible#1804,hk
Pryderi#8079,hk
Prudxnce.loh#4366,hk
potato#5544,hk
Mysticalkit~#7014,hk
myfriendsaresleeping#7254,hk
manah#3372,hk
lyn#5092,hk
LordTickles#1319,hk
lala#0942,hk
kopi#2797,hk
kiyo#5581,hk
Kevolution#0532,hk
Jeannie#3281,hk
jaz#3212,hk
Jaydenlee11#0066,hk
Hailey#3063,hk
ghibbread#9757,hk
exquisite#5662,hk
epiphanie#1349,hk
dannywhli#7429,hk
CuriousHoodie#6982,hk
Catto 6592#1963,hk
Bnig98JR#1492,hk
Azure Wolf#8335,hk
ariadne#2774,hk
andrea0blue#0702,hk
amy#0939,hk
Akyko#4764,hk
AAC#9852,hk
14th Melody#2997,hk
嘉義(Kagi)#0015,fr
��𝖔𝖘#7334,fr
クッキー#9336,fr
Zira#9472BOT,fr
Yuuna#8240,fr
Ylferif Jade#3415,fr
yeets into void#9014,fr
TheRomeoIsSilent#0109,fr
Sy#7970,fr
Sairen#2785,fr
sabine#3073,fr
ptitemaddy#9617,fr
pookie#8220,fr
Pommoiiom#0902,fr
PinkyPuffWuvesYou#6795,fr
phongvu99#9842,fr
periwinkle#0762,fr
Nyu21#8357,fr
Neoliia#2345,fr
Nelstar#8847,fr
Neko_Kaneki#6870,fr
Mynona#5635,fr
MissFi#2989,fr
masells#2176,fr
Lucifer#8547,fr
Lucaaas#6089,fr
LordLouisV#3515,fr
LOLA#2725,fr
LilyZ#9068,fr
LauRaa#0839,fr
koolklemz#0871,fr
kirawar#4340,fr
Kira K#5765,fr
Kiki#0621,fr
katieowo#3880,fr
JuneSunshine#1219,fr
Jordy#9316,fr
jbc364#3564,fr
Jaydenlee11#0066,fr
Jam#1956,fr
Helico23#5559,fr
harmonyhobi#8047,fr
Gaby#3428,fr
foobyoob#0405,fr
Fat Kappa#4846,fr
EviexBunny#7316,fr
Emilie#7225,fr
Dream Cast#4544,fr
Demiguise#7436,fr
crimson#7125,fr
crescent#1282,fr
chelsmeme#3755,fr
carline_z5#6143,fr
boutot05#3088,fr
Automne 💛#1043,fr
Alegria Déesse#9435,fr
Abysept27#8589,fr
- Clem -#9142,fr
Zira#9472BOT,es
Yoshi renegado#8151,es
xyndaquil#6001,es
xpeppermintie#4126,es
wintry#7618,es
Victoria#0857,es
Trey222#5733,es
Syrinx18#9064,es
SSMelgar 》 Mei#5408,es
Repainted#2433,es
Planchoa#2844,es
omslake#9699,es
Nyxe#4755,es
Not VaaL#6111,es
nonsis#7810,es
niveousbella#6837,es
Nina#2417,es
nieve8#3682,es
Myriam Whibley#5644,es
MoonArt#5740,es
mariadiaz#0379,es
Maaalky#6218,es
Lakz#2475,es
kuu#6695,es
Kradeg#4284,es
Kotansa#0315,es
Kiki#0621,es
kfc#7445,es
Hele#2896,es
HecThor#0588,es
GoodWolf8#8222,es
ghost#0689,es
gekiwi#5502,es
Gazania#4236,es
fox-by-any-other-name#4495,es
fo.lunel#4241,es
Fd#5350,es
Dragafari#9018,es
Deleted User 83047269#5974,es
Davidito_77#9060,es
cris#5544,es
Cherrie 🍒🌸#2238,es
Cath#7918,es
cat1cat#3897,es
BunAnna#9788,es
Bramblerose88#4133,es
Blizzard#4594,es
Bleakness#6743,es
Artmt314#1721,es
Anaid#4086,es
Altgtrmc10#9100,es
airam#0284,es
_hexer#2128,es
��crunchy munchy 🍫#5880,vn
Zira#9472BOT,vn
worm95#3791,vn
voxngoc#7041,vn
vietnamvodich#9638,vn
ttdinh13#9978,vn
Trương Vỹ Nhân#8306,vn
TheSnowySnow#2608,vn
sam1609#2879,vn
raiuki#9902,vn
phongvu99#9842,vn
OO#7688,vn
nope#5903,vn
noonletavi1911#2197,vn
Nhật Anh#7544,vn
meiii🌸#1290,vn
Mei#5160,vn
Lynn#9260,vn
lottea#1848,vn
Krad#4007,vn
knight_159#1139,vn
khoitBI0#6191,vn
JoJump512#5289,vn
JennyRido#7737,vn
icebear#0943,vn
hang297#4715,vn
goandgo#4118,vn
dragonmaniafire#3676,vn
Dirty Old Cat#7093,vn
Deleted User 13ff1691#5912,vn
daothanhthao#4235,vn
cindy.ckht#7759,vn
calmgeyama#9405,vn
bunny#1227,vn
Bineri#4788,vn
beekind#2691,vn
bchung#0245,vn
banhhihe#0441,vn
April_Sky#1945,vn
Ami#5375,vn
akaru#1164,vn
‿🌸❤๖ۣۜAngel ๖ۣۜRain❤🌸‿#8888,vn
Zira#9472BOT,th
zerus#1306,th
Voxel#2393,th
TIWUT#0368,th
Tinmig#0840,th
teddy#6351,th
taytytayy#6774,th
Rammi#3042,th
ppp#8192,th
PopKorn#1665,th
panpaan#9521,th
Nuttö ~#4830,th
ninewalkers#8599,th
natsusagi#0249,th
Mint#8401,th
mihahaa38#0819,th
Marutong#1103,th
LordTickles#1319,th
kTunghaeyo#2325,th
katiethesquirtle#7165,th
jinseng#4065,th
It's ya boi Shay#5156,th
ichiii#9860,th
HOPEWhale52Hz#5024,th
FiNez#4153,th
fflvff#3747,th
cookysugar#9672,th
cloudsteel#5262,th
Chickak#3924,th
aloejelly#5826,th
12ay#1738,th
Zira#9472BOT,ru
ToucanMech#6548,ru
Termonna#2709,ru
Teraplee#8981,ru
StoneWolfKnightstudy#2259,ru
Shakeszper#7035,ru
severett#5359,ru
ruslanavyn#1723,ru
rol3nvm#3061,ru
Pommoiiom#0902,ru
polina#8998,ru
PeterLag#0224,ru
nosock_#5536,ru
Misha_Elov#5332,ru
likespinningplate#6417,ru
kuhz#4114,ru
kstar📩♌#6945,ru
Kirple#1088,ru
kira#6726,ru
gekiwi#5502,ru
funkagolik#3059,ru
delddle derp dee#4323,ru
cotpy#4862,ru
Chisai Tori#8705,ru
Arnis#6149,ru
AlishaRoyal#5409,ru
Alex_loves_beans#7152,ru
*~TheOriginalCocoShines~*#1569,ru
*~. . .~*#8584,ru
Zira#9472BOT,pt
Yoshi renegado#8151,pt
WhiteGaze#7486,pt
tulhomelo#7902,pt
Tepel#6933,pt
StoneWolfKnightstudy#2259,pt
serrieberrie#4188,pt
pammys#5162,pt
Nathz#1205,pt
mrsfrufru#9072,pt
Mirtes#5214,pt
MarianaFlipa#1181,pt
mandacs#4402,pt
Lakz#2475,pt
Kellen#5235,pt
Hele#2896,pt
Finch_404#2984,pt
danilo_anjos#3154,pt
cutecarrot#2327,pt
cris#5544,pt
Cath#7918,pt
CaikZamperlini#9789,pt
Bistranger#9357,pt
belisa#1117,pt
Baekkie13#8872,pt
ʙᴀʙʏɢɪʀʟ🌸#6208,pt
